Age,Salary,City_Chicago,City_Los Angeles,City_New York,Gender_F,Gender_M
-1.5,-1.3228756555322954,0.0,0.0,1.0,1.0,0.0
-0.5,0.18898223650461363,0.0,1.0,0.0,0.0,1.0
0.0,-0.5669467095138409,0.0,0.0,1.0,0.0,1.0
0.5,0.0,1.0,0.0,0.0,0.0,1.0
1.5,1.7008401285415227,0.0,1.0,0.0,1.0,0.0
